{"cameraMode":{"drawMode":0,"name":"Shaded","section":"Shading Mode"},"sceneLighting":true,"audioPlay":false,"sceneViewState":{"showFog":true,"showMaterialUpdate":false,"showSkybox":true,"showFlares":true,"showImageEffects":true,"showParticleSystems":true},"in2DMode":false,"pivot":{"x":-0.753350555896759,"y":3.143177032470703,"z":-3.5202317237854006},"rotation":{"x":-0.043782927095890048,"y":-0.024876398965716363,"z":0.0010882620699703694,"w":-0.9987369179725647},"size":10.0,"orthographic":false}