{"cameraMode":{"drawMode":0,"name":"Shaded","section":"Shading Mode"},"sceneLighting":false,"audioPlay":false,"sceneViewState":{"showFog":true,"showMaterialUpdate":false,"showSkybox":false,"showFlares":true,"showImageEffects":true,"showParticleSystems":true},"in2DMode":false,"pivot":{"x":20.110206604003908,"y":2.1131861209869386,"z":-10.709357261657715},"rotation":{"x":0.012352775782346726,"y":0.3514038622379303,"z":0.004624119494110346,"w":-0.9361443519592285},"size":2.700057029724121,"orthographic":false}